cord_uid,x,y
6c6cw80p,-31.013128000000002,12.945243
pxryt8wn,146.97578000000001,-21.608656
l8k34gh1,-77.710815,-186.01628
czhgc1v2,94.88343,158.11115
wzwpyvll,-123.79101999999999,1.6213037000000001
w8meihe1,85.95723000000001,87.797455
wg6nh1vt,143.14452,47.902534
b22s00es,105.63606000000001,55.316948
0littefv,97.83233,23.213293
0rq0wdpq,31.752765999999998,-59.001766
5is9kc52,44.232895,-38.0483
ctpgylnr,8.560566,73.07166
o80duxhs,159.73567,-4.0673330000000005
j3p1u80n,-207.59638999999999,1.5834553999999998
3njrml7x,66.43502,88.54321999999999
dplkmng5,-72.4769,74.48765
jgxbpy4j,31.337542,29.256231
y6di4ver,135.74677,-39.43965
p6ikd8ns,-86.713,-22.622667
7vwpvcdd,-51.265823,15.914691
sdj8n4pd,-179.27722,-36.88063
9kubi95y,200.85693,-72.06626
r09r1fv2,-86.01483,19.16881
tsuz3j40,64.65094,-90.99123399999999
hwjkbpqp,106.42341599999999,-185.71667
543aq9dx,101.37586,89.22414
squyqflj,26.2964,-33.185055
16syz1o7,-121.5647,-8.022093
laro5mz0,-1.0931387,72.39854
h7lvun9a,65.30691999999999,-53.35566
l0f3bmo1,193.99355,-83.456604
cbkzvuqb,167.88141000000002,-91.65365
87zt7lew,-135.40416000000002,50.937298
0e1w86tg,162.87271,-5.007345
jfbtjg83,14.855720999999999,134.73862
wwuqxx1r,121.98923,74.03560999999999
o53k7rl6,-163.54381,-54.599525
hmh4s3w4,91.98266,122.36743999999999
471hzpyf,-179.26393000000002,59.561604
iuo2cw23,15.7810955,30.486633
v1p4ut66,-37.170807,64.7307
jquxicdr,-85.23687,100.7602
4cvy9u28,-73.47863000000001,123.46553999999999
2zsl30yu,204.10251,-41.347054
gklyk0me,-107.76955,110.60506000000001
5fl0rk90,93.4022,161.84845
rafwlw0t,-191.22238000000002,-18.95645
gzxu7nkh,104.94686999999999,-133.05975
f9abq8gj,-124.79586,66.16016
lgtgs4fy,-200.58321999999998,-0.107721224
hz0t8ovy,61.380244999999995,22.35511
gl9cjmno,200.96303999999998,-51.544598
texk4z76,184.18616,29.222826
8rrkf78o,9.189933,55.346633999999995
5eqdrd52,-109.53006,-12.636203
imp7icud,-179.11981,-91.20248000000001
j8t98qc8,168.28038,26.593218
jleccqqx,-107.51233,50.9729
7cty5s6o,94.43011,-79.65101999999999
vg57cnqw,-182.54147,18.615042000000003
p4ba6asn,-118.6678,30.808228000000003
l56eboio,42.74013,-60.92915
e523mnz1,31.74493,124.07658
a3tammig,-121.12778,41.49472
cgiok0ce,-137.02333000000002,53.562034999999995
vyb5agwk,-21.704102,68.2344
k2fvx9vl,123.06804,11.264963999999999
6elmzcfl,-170.78638,-51.89608
3m0dyfsk,-64.498795,117.341675
suzhg1yd,202.44081,-73.42942
t6l692zu,120.08617,14.856635999999998
o55s1j25,80.12017,-36.236233
om92cx5q,86.687546,159.42873
9pgm9hcw,-156.46729,-114.69032
c8uvemh0,-52.780330000000006,131.4156
6zrv687k,46.574265000000004,-39.748913
250sdmq6,-184.75772,-73.35047
uuxj6kh7,68.91524,45.204346
ip0fxvhp,16.709989999999998,98.964775
k8jzzqj0,-194.57872,-58.492107
dpcgl6ig,-82.71106999999999,33.083220000000004
cmqo0nkb,137.72188,-168.84554
ampip7od,-88.84687,16.781101
tfcerilc,60.949017000000005,60.812077
mpuovmeb,-15.836409,22.9792
zxtbnyho,-76.62565,57.13899
0jlsaypc,190.87305,22.76303
30p8n0vz,-169.52696,47.809475
r3c1b8bn,-97.6082,-3.5279436
nxqer3m7,78.30208,28.222103000000004
tvxpckxo,-51.313686,90.84272
psaf2vls,-110.77238,110.44357
0mn1gbll,106.64307,-83.81225
gdra8xhj,-27.143532,-20.439757999999998
prrfm4cm,-103.3381,39.973853999999996
gdc2e40t,-30.225098,96.649475
pixbry0c,63.266827,133.25948
zudnu71a,-34.775646,12.245999000000001
3wok0n21,24.165646,-25.150488
wkizpbcz,89.335594,-168.35582
mq6bterc,108.561646,-44.959972
v9k7vpi8,113.60718500000002,-47.518
urk7fe34,94.90681500000001,-181.76904
u86icqcc,-133.9859,-138.12149
af18f756,-89.39879,32.97068
hv1kr24h,210.19064,-50.278774
2586thss,74.33663,21.906506
iy4c7404,59.126713,178.30223
sw4wtxdk,-109.1062,70.90475500000001
baugu1gh,-7.203327000000001,-55.6137
8nq7e8z6,71.1343,9.582667
3n05cb49,22.543537,102.77883
4vo7n6nh,-33.320972,75.62895
qrnhp1ek,142.9426,12.092044999999999
c8yzoen7,-23.386549,57.85106999999999
z4sutqos,182.48796000000002,-61.02009
us29j281,37.034744,-80.08367
boto4h8x,-26.43303,120.84646000000001
oefyszar,-77.9256,70.361305
b6gte5u0,8.210461,120.96947
g6ffaer1,147.5621,-76.628105
vexwisnz,0.71945024,-45.545815000000005
baxxcyji,69.88003499999999,87.01539
qcjbtflt,-176.81828000000002,54.650963
wf0vonkn,-98.650894,72.62318
a93brk5n,75.294975,155.29541
aq48eris,-41.73558,85.77764
pdxm0iiw,-143.46011000000001,-53.83343000000001
vsgd9v1w,94.73595999999999,95.70821
4owe9lf5,125.01046000000001,-168.71451000000002
dxbbg4td,83.35388,-179.19138999999998
cwzpb8fu,150.49237,-34.299095
sfshosp0,153.56465,-10.929516
ca87xvwh,36.502987,2.0103855
elhp6rx6,57.172886,41.5801
bjx5td52,-119.207954,-30.502245000000002
phepjf55,78.46538000000001,81.64452
9mma6rva,155.48273999999998,-170.83656000000002
pl2ur9qc,-138.2813,10.375148
ycxyn2a2,127.79608,-15.044892
w5fxen70,126.51863999999999,53.124016000000005
0y80k5kw,128.11143,17.402017999999998
okhsvylc,79.26899999999999,-88.27971
j3r0y194,-105.04293999999999,-31.808640999999998
dy7djsah,-47.665302000000004,9.855047
mrst93rh,-45.438545,-7.2233753
yozk08w4,-159.28795,22.680737
sgcf9v3m,-3.2299123,-66.59201999999999
waf4n6u8,-190.74736000000001,-16.625214
mbv7pk21,143.99182,10.560297
5m29nugu,75.286804,3.7063713
9xqv9u57,170.67175,-47.2148
186k6t03,-25.545251999999998,-34.772327000000004
ni6iyzdn,-165.36348,-1.9129721000000002
3ib99gup,-83.97662,-25.16123
0nb4laxz,-76.87613,55.427204
izw1xh21,200.38513,26.807971999999996
7hgbnhqb,83.24535,91.497215
vuvgvz4n,-44.622859999999996,19.922415
nn09hh29,100.53922,119.65597
d08buwtu,-104.91046000000001,55.25448000000001
lz37rh82,-73.75035,14.602435999999999
zc7gw1d8,-64.000694,84.664
hp1gz37o,183.37337,29.981558000000003
gin0b4ra,38.244354,99.24084
m3vg5ivx,123.14901,9.147014
to4g9he9,-49.5162,-19.369608
umx793cw,-107.901375,40.853107
iogmaulh,66.42045999999999,166.73958000000002
8ljgxnhf,109.216545,23.233921
b0tlco4t,128.84771999999998,-50.847126
ssrs0cwf,207.5745,-79.51520500000001
18a3ftsg,-172.8296,-11.556733
43bdjxe2,-102.89043000000001,72.195335
s64v656n,192.16664,-81.10392
jiy4cp4n,196.11751999999998,-16.863360999999998
qocet9y2,106.519226,-19.781235000000002
82m3w06s,-57.61639,126.79308999999999
yya6w976,-81.67390999999999,67.18656
p7v5p036,-143.45131999999998,-73.76343
zowp10ts,-53.365665,50.6418
9o3ivbc2,10.287460000000001,5.595472
36gbl7tu,42.078083,0.36990738
h3yxymh3,156.23126000000002,-31.791988
02opdk0m,62.472427,142.19987
ivl5i3kz,-2.004629,-63.4973
2iwsx727,60.20035,161.30898
4yfohp9w,52.726443999999994,9.73593
7uqmpn70,-158.91669,-117.35675
wyy6yw2o,-94.83153,109.25931000000001
p56v8wi1,-111.34090400000001,103.999374
6sb3ipab,-83.229744,44.042835
hn288o97,177.34932,29.886776
hlu1noym,-61.140845999999996,92.79026
g7rf1cdi,36.714256,96.408455
wfrmvlhi,-73.978386,61.729477
kxtdv6q9,-170.11777,-87.17251
7i1sxa51,112.39391,19.572279
3meiks6o,111.45313999999999,8.208358
21hg9t8h,-75.18856,127.34434499999999
utglk4af,47.9715,103.955536
5r2in1gw,105.003174,87.39452
ae5bvrr5,-124.91891000000001,1.0375973
k8bvayk4,-125.98892,-33.234726
s70onyix,-69.681175,128.2847
ilhnluqc,81.3749,82.10113
awguczze,74.797935,1.7766718000000001
vluuha88,-23.809473,128.51639
480d3yfv,118.41793999999999,16.325135999999997
ld9pe5iz,120.78107,-161.18861
wbh06gzb,-86.99999,-173.07161000000002
db9bwoel,47.813152,-12.694831
u61mcemm,-32.440284999999996,22.807013
ajlctjeb,-56.771885,66.38779
4i3c9vbs,150.88036,-7.814652000000001
lmswl9ol,-161.39049,-18.86072
7e8px4vx,-26.090439,-33.14266
dwfb81aj,100.980576,-165.69392
wm4c7rk6,63.871159999999996,-94.906654
9xgmanai,122.97511000000002,-141.51866
qbldmef1,130.2468,13.5631275
31q7ftnd,6.182415,124.6296
epz7fvnx,-58.265915,92.18455
qlx9zwuh,12.057246000000001,63.991924
ma0h8bfc,-74.66932,-194.53448
aftz6tbu,174.70605,42.115215
6a5gr8mc,121.55378999999999,-86.86579
231s58eq,-14.043643,26.659734999999998
h8xxpbr6,128.0378,47.230072
fxd533b4,-173.98108,51.345875
nrq4ncdf,21.67587,23.442816
ef87c4ej,103.668755,-165.90855
v4jochbe,18.695425,-57.338398
e67ky5tr,44.44078,41.595753
5yhe786e,14.965368,18.806461
navjkevd,-144.7862,-63.883125
fzpuu59i,-176.81796,15.503788
ke0tkpso,202.61075,-26.535020000000003
531twx5p,-51.001259999999995,54.579124
2vlq2k1u,104.88841000000001,84.31385999999999
0zkeoa1z,-41.9892,19.110252
um0ds7dh,68.08169000000001,28.473707
dy21jno8,122.57043,35.810272
crla8vrj,87.04806500000001,170.11253
1a3sy8ja,95.58453,-183.19326999999998
z9nwechy,180.96928,-67.00361
pkps5j8w,-100.64891,16.292593
fcffl6m4,-84.94985,-189.19531
87yq2317,112.1473,-95.05001
sc854ug9,52.105633000000005,132.73726000000002
ydu0l0st,-105.609024,39.194424
fgwoijut,100.045265,120.7987
67rycbiy,-202.08463,-54.84689
rr2wwvue,34.33891,98.47833
brsailag,-175.42015,-75.35580999999999
wale2wiu,-85.90669,105.49375
fkqdrwer,-166.41416999999998,-12.095868
ee7q7jhv,-103.42714000000001,31.268976000000002
khzhldt5,90.37525,-30.007284000000002
dg3pfydf,49.079879999999996,103.70819
gyetna96,-54.54768000000001,126.79693999999999
1ldebnq8,47.221203,100.620514
dc63kane,-38.589092,60.602656999999994
qqmj4v0u,39.461514,148.54706000000002
xm57cnw9,29.553083,14.172170000000001
e0ou9zjb,105.71606399999999,-95.60932
0jx6mwiw,-179.04512,-68.1691
mhdi16wz,-178.63942,16.965954
b8xb1f12,131.7035,-54.272934
uvv06b4n,123.282646,-139.59933
ruba65p5,124.84943999999999,72.43091
emnln2ix,-127.98682,84.59175
yba7mdtb,-190.6105,-48.338108
f8ptue03,-83.09024000000001,-31.493803000000003
13cii3on,-122.25811000000002,-25.385153
apbs2ltb,-118.86522,44.33092
rm7nsyjd,-0.11222859,98.36616
0vsf67nh,27.634553999999998,44.803123
b5gcrbbi,58.470776,108.71565
d498qj2b,157.57541,-61.311893000000005
egy1d90x,-161.95976000000002,55.284603000000004
vl03ida1,-115.43977,96.08626
dh9pr82o,-54.646473,-213.65982000000002
qfv8ifvl,-46.098408,129.52531000000002
a28fw08r,73.663635,45.56795
1qyuhbz0,16.68693,29.306203999999997
xtj2ywf3,-14.897682999999999,70.63611999999999
s7q1829b,73.3022,-77.201195
yrju4spi,71.074905,5.055228
usz7pnvu,-21.53679,54.20758000000001
3qxun84i,-188.43918,40.360043
dbmfydyu,-157.55937,-134.72589
6egbde5x,-29.61273,93.13376600000001
6lezilfv,-173.12035,55.435047
0hobwqpe,155.66246,28.09054
j6h8u8gb,42.649574,97.22404
2tji14il,-15.995769500000002,89.25833
osioowtp,-2.4426744,32.023342
lbtdex4p,110.87388,72.20747
4chfqgrc,-149.54747,-138.4971
kmdxxx76,-37.68517,30.473194
njzyu4mv,6.7131367,122.16093000000001
pof78bwb,-83.83516999999999,-178.29768
2p7qrgx0,-118.82139,74.196434
jb8228vn,168.97612,-53.477959999999996
byant7dh,-6.9492254,62.06525
tptwlmy4,92.30341999999999,90.97667
uh3q65we,113.86651599999999,22.726477
y2nhss9u,-156.95117,-91.376205
ecnt35no,2.4137716,-6.361771599999999
5hx84kki,-85.25349399999999,35.055687
r0rfjs05,140.28703000000002,-80.25028
d0a8oib4,-203.33762,-1.8056916
v6bpjpmo,110.77781,-47.241493
afg1nmib,20.657845000000002,124.20016499999998
y2knt8g0,14.024965,64.87471
zfz98etw,43.382095,-68.00361
5z3s5pjl,19.661423000000003,100.980064
xwfptmmv,171.94347,-72.54831999999999
rb8wg8k5,-62.895244999999996,-205.2856
fo5naae7,25.033665,10.910089
iv18eiap,59.60099,-52.65923299999999
b5lldhi5,-51.775215,48.736668
1ow9adcf,-182.58156,59.081832999999996
yh6858k6,67.734764,45.423668
utmt5sva,203.00893,-53.2441
pwz6rde0,-198.89946,52.756130000000006
wzt9w46s,99.84612,-98.7975
k8u2tidd,44.423058000000005,-49.089626
yxhk1qm3,189.68167,23.822996
qtbrelfv,134.03298999999998,-157.67493000000002
zueoyesj,172.5888,47.05916
qsw8ncdw,46.634575,137.05951000000002
3f31j4cy,101.37817,-88.20791
p4ufea6x,-79.46462,-199.75078
uotug8ej,-47.401104,18.648682
gzjnb6yg,152.73363,-82.37279000000001
paax8pqh,0.57061905,91.50285
bhq8t5nq,175.64106999999998,1.7810830000000002
stgri6y6,86.83743,89.28741
33gno57t,-55.651706999999995,-210.08537
nv228vte,-163.41808999999998,39.256226
uwg57g1z,-122.30212,89.59716
xlqdn0c7,11.636796,-22.201323000000002
e1bn79ui,104.82379,-166.25302
ko6lew7b,-196.81458,50.77792
cgl34ykt,-50.560116,47.56708
av0wlbua,109.3718,-97.35826999999999
na8xecga,-72.01166500000001,-203.79457
sccd23l3,196.35445,-12.206180999999999
wnuqe66q,-29.851055,94.41445999999999
6t5puo6p,50.612133,-63.532585
vrd89yk0,-174.00482,-52.77656999999999
917uwsgx,29.136770000000002,50.92935
ug2ewxyl,172.41808999999998,-50.340385
tycbhz8a,178.17645,-62.68246
6abo7krb,-24.134338,32.21107
j6ateco7,-207.13963,-3.5727684
kfkumsux,106.22641000000002,3.5109004999999995
nmmimc71,59.803169999999994,93.98524
d3a06n3f,95.58901,-95.72114
ik4ps0qn,-86.15089,76.3419
czo533oj,207.84098999999998,-23.515749
0d3vy87b,47.819656,27.450287
ufjjengt,162.89844,16.819982999999997
u5o6fq24,-11.542689,98.86286
i03fyaz8,140.12149,-96.98954
9sc2xmqr,152.52700000000002,-169.14198000000002
yzloau0d,108.6825,-160.27123999999998
60xkxdhe,-24.880238000000002,54.48261
qbd74839,208.47195,-77.66718
kvhoa2se,-183.03847,20.842326999999997
p5jtwb3l,-140.42726000000002,-33.061295
skavefji,60.05011,-49.11118
jhetyd9t,-117.82985,29.673284999999996
l5ok3bvx,-144.94772,-125.90439599999999
ikr1qrrt,-85.526764,80.401924
k2io05hy,-158.70606999999998,-113.96021999999999
w5basxr0,72.45214,-80.27623
36bfeoqv,93.01899,163.36081000000001
d3fb9xd8,-49.318863,-25.402604999999998
yq190ig9,-139.45403000000002,53.295937
8crvjzz4,-41.889175,-34.930040000000005
pyic5s73,104.46935,-96.71269000000001
1pi9nccc,-72.9844,-190.2853
9b6yz3f4,-163.6921,28.964243
kf1fs1ka,-120.99791,-6.833289999999999
x2zq0lnt,180.44313,-61.22399
pt3b4yc7,-63.140648,-202.45485
ftlb5b95,-58.629265000000004,69.06492
f089bs8r,90.77064,-74.65082
xf0pmog4,144.21696,41.327168
7r705eqd,29.220323999999998,49.729534
8vljd5cv,105.66118,24.439749
jpo9oomb,40.270164,149.77527
t579ysgl,74.061775,-74.60047
9daqyylb,33.185852000000004,-18.365528
gt3v8km1,47.15146,26.053936
l8aa9cl3,-156.04695,-123.767944
flznxurb,34.78236,95.005585
6rujx4vs,160.27351000000002,-55.383705000000006
jsvcjlz7,-169.85713,-55.020798
niccjneq,-117.17705500000001,-46.275906
1v353uij,60.232105000000004,22.271324
ix4k0rkt,-92.34088,-171.6723
rl5a7cnk,134.41815,-118.13287
zizfgz7d,-45.673546,27.902262
0ybn2igj,113.34709,-11.490701
w11azztq,-161.01819,-143.9545
rhsgqprf,-119.12553999999999,-12.723299
d4zavkcn,178.86897,-51.455996999999996
7qr964zy,127.50358600000001,48.787420000000004
6iu1dtyl,136.19124,-168.50755
7gmtp6km,65.27927,59.221394
7lh8iqm1,124.84543000000001,-172.95818
va0teako,-160.56097,-16.796515
zkudc8ww,-75.66794,-183.5476
gkl708nu,119.06845,42.427246000000004
nz06v56o,120.23846999999999,36.653564
2hw6pxnh,-197.91539,-51.38978
svn4e6w6,-188.3366,-8.159925999999999
n6qipu17,-64.19161,-19.994684
cjzecgrb,51.305782,-60.906967
sxdstw4a,-146.66644,-133.17192
397hp1yt,27.892431,90.88833000000001
mqk0sx5n,-2.4293063,14.985431
pxymyqoy,108.32252,-100.182076
sddif46h,109.59115,9.222211
l9ozvlae,-77.732376,-177.44957
lkoyrv3s,46.710196999999994,156.77657
ffiguxo8,-106.81753,-19.146133
0hlj6r10,134.41765,-103.223366
8jizi6hu,-174.25786000000002,53.12936800000001
bbeznd3r,-169.17763,-10.137012
v6lycc7k,-168.84103000000002,39.980446
hkc4vbmj,133.64433,-112.62187
8t6rsvqz,111.62791999999999,17.876984
lqqsxhfl,92.0521,66.97385
yvgzkt8a,142.71813999999998,-162.63643000000002
nhb4o6ty,-164.71958999999998,-143.90579
2hbxvvpw,109.43794,25.359198000000003
cgx90xnt,45.1939,25.918947
094d0rn6,31.474226,155.18743999999998
d3cko4j2,11.771969,128.33377
k58gx6sf,-35.531290000000006,77.34118000000001
5gglmx9d,82.700356,28.356734999999997
36jzzy77,-91.666374,36.885063
yfn8sy1m,163.963,16.102121
vsjy9oaf,-43.39089,1.3431116
7vvj0vfs,-58.840466000000006,-217.6006
7ubg9vl2,35.629653999999995,-76.87965
dl79v71g,-189.45709,41.283413
k2vbgqk7,-42.399876,13.658744
kcmpxd45,111.926956,-141.21796
61qdmy15,-150.96242,-73.48156
cc5thj1g,45.957770000000004,-14.747945999999999
q07shyw5,202.56343,-88.75224
sabz03c0,48.428771999999995,59.4405
9zmyojbu,-93.271454,30.018734000000002
mcuixluu,1.6588395,-8.604815499999999
96xoj10p,-80.655785,43.97204
h48mzc8e,-146.91458,-22.413586
2ks9iimj,96.423454,151.72899999999998
rq08bhu9,25.358133,38.240192
h0ivbolt,25.758715,104.42171
oveybgbc,163.81294,28.172611
fowjmjtr,83.563225,144.06087
pkranpiw,113.0355,-141.4084
srh1lwsl,-111.82743,28.698240000000002
icwhpbpj,-60.980988,-26.936502
gw9tzo3i,-211.05315,35.256695
ugbwvy6j,91.36301999999999,115.81248500000001
ci6db90d,-58.814365,94.05322
0hghpwyr,120.74277,42.158134000000004
8gnn6l4b,-32.522835,11.613313
vhiwrhkb,122.45808400000001,-26.524665999999996
i8zikevn,146.69623,-74.5236
34sy55hi,61.99798199999999,-83.80742
ov1qssnu,-46.963688,27.401707000000002
q3nxfzh5,127.38701999999999,-168.89958000000001
w6gtskt3,169.73503,-1.4131782
3i0ymq7o,118.368,37.649815000000004
h2e6h076,-171.59145,-79.53433000000001
cnxgsmvk,54.876404,40.736422999999995
6fp8nly0,-168.06255,47.366943
wrru98zg,174.21341999999999,31.12047
m1cmkkw3,35.022995,-56.08645
xndczw98,23.872683,-27.642134000000002
jm60nxc2,-72.92905400000001,126.2816
9n3vhfs9,-102.0173,40.818638
wdcmb4x5,1.2540758,88.46573000000001
fh0mhqhv,118.96779,-48.75801
dj9bxhwb,-21.490126,29.300774
yci0a6bt,-24.407652,77.99636
hcbvfpg0,151.64903,-35.98726
abnj3iit,171.60626000000002,-70.18654000000001
bmcku2yb,-92.574394,-10.337841000000001
7xmxcm35,76.60555,-87.37195
yz2wbpuu,177.88206,50.927853000000006
nj1ub77s,52.983337,102.72086999999999
y4rwvh1e,-63.79201,-199.84308000000001
niii78fr,-175.35617,-81.93105
26f0xddj,-102.606316,-52.94919599999999
br2p09pg,0.38542336,49.442287
khrx6rnh,-83.65408000000001,96.935234
prsvv6l9,156.65086000000002,-34.736862
68eblcke,47.18309,-68.781876
z3grnayv,30.538559000000003,-49.36373
3raox8db,104.17135999999999,-134.39822
xu9llz9u,-124.65961499999999,-18.208797
cl23zuai,164.40373,-56.019169999999995
0mtmodmo,140.54178000000002,-83.18876999999999
rdpsxb4n,-133.60007,-141.38095
cl9gpt9w,73.17797,153.2122
2glwghfn,-121.934975,7.007166000000001
chj07xz6,-162.31383,29.045
812uc4w7,-48.340134,-22.493782
xc4c7dkk,46.335297,184.72188
j7fx64k1,-111.45257,95.36027
zyaj90nh,186.15651,36.611903999999996
ajp9uw87,-137.34538,-139.3607
gq1omz6u,101.61185,-11.2569685
28u3c7u5,-154.00551000000002,-86.887955
t81g3oyq,-48.511066,126.64133999999999
gdsfkw1b,-178.58586,10.478831
ygg093ns,57.856632,133.58338999999998
oz823tw4,149.9425,48.6137
snqdma0s,-68.53978000000001,98.0964
or0czzdp,-75.56935,61.075317000000005
7s5b3lpn,131.60799,-58.57618000000001
xv3s8iao,54.63171,35.871613
etjqaovc,65.2112,88.11893
10p3mth2,-184.37546,-42.340953999999996
zshd7i9i,111.77885400000001,-0.6354928000000001
bnkbwh3w,77.82065,96.2466
x5ardo5j,-79.66726,-197.91283
it5u3pvx,37.821598,27.038832
37ojix5j,161.6409,-80.50379000000001
hqxiyxfj,-48.727894,26.16541
25v5mr3c,17.382763,-32.691715
o2kzb94o,-195.56506000000002,4.980428
tg0tczni,51.976124,62.34713000000001
w771kjvk,-168.6668,-49.307217
tex6bgab,22.73467,-3.963246
k7cosg5s,-171.70436,-89.210335
6d9x0xbj,-154.34048,-124.01618
y0zjkmoe,-102.19718,-37.542107
z4p0c01e,-14.4516325,-40.536976
4894nxf9,-59.006676,-203.31635
7coajgjz,-127.53425,-17.210567
4kpkhz0o,24.681642999999998,-29.436634
0qkzd2w4,-49.04609,-27.923225
sboumuy9,-153.8619,-136.17351000000002
fvfjz7al,-184.65065,-58.86837
neeftptx,145.76294,-158.16928000000001
4ac52f72,-175.06133,-78.00935
g1ob16b9,126.29368999999998,-105.34946399999998
7eflwyxk,-141.06363000000002,-39.43742
upy19l3s,-118.36766999999999,62.126698
nv6943pm,113.21967,24.223263
zx6liy1j,-89.92352,105.667755
d6awwygy,-81.73691,121.36636999999999
ajz4ef44,27.19377,88.23789000000001
7jszm1nd,10.759215,50.842247
bbjmcdo5,-112.68978999999999,109.10048
d3qamwsy,158.64622,-87.104225
c8snsa4z,187.69586,22.834652
wwvogjw8,210.90999,-84.26248000000001
sa5snfby,-172.2041,-14.547305
bnnl700a,122.42393500000001,43.05401
aq2y9pm0,120.03923,28.942049
fj9l8che,36.743120000000005,62.823085999999996
bnhwgv2g,-57.65931,-210.92885
10q0snhb,7.272253,129.39546
b0weul0x,1.4883768999999998,101.93496
22rf9kuq,76.52305,1.2236874
ni5yl7su,-170.2827,-78.81884000000001
y01w04lc,43.980824,139.39087
utigp2vi,-150.77112,28.551958000000003
s90geszi,-97.13524,19.58792
pqpqayuv,17.357643,-30.208703999999997
99bhj7ft,128.7013,53.97691999999999
49it5pha,198.71948,-19.136324
9785vg6d,88.40784000000001,-30.522951000000003
wi7qdbc7,37.39686,-55.40201
ucn7t3sg,41.35244,-37.404686
d5xv2xdr,-113.88798,39.384857000000004
wuu713l2,148.35889,-21.194876
gagakqw4,-48.26238,-19.644316
te75jsd3,44.341576,-61.458983999999994
9l8nuz5g,126.70689399999999,-106.745026
cpjlzutk,-33.42662,-21.237126999999997
oypnbpkh,86.796364,-168.21268
drcfdv9z,123.20943999999999,-28.821185999999997
cbzd8ybv,-165.18121000000002,-115.479996
jg13scgo,-47.519928,73.3471
2qmlg9qn,-10.073453,70.40695
hww0watl,-162.80357,-69.103226
wnnsmx60,200.8603,-70.20626
87mjdccj,61.136913,133.92498999999998
4owsb0bg,148.87471000000002,-172.76146
vzbh457k,6.8983419999999995,56.673412
vtp4cwvt,58.756138,37.390471999999995
mdej7nhj,-23.59088,-45.66657
eqwgqs3o,-92.40215,63.902584
puj74k7y,-17.185257,-47.92964
wnk44cf7,-160.07845,-88.74078
1ypgij14,-166.57153,-143.33528
jl3uah1i,-174.82225,-49.397842
4r89qacd,59.900271999999994,30.118813
fvfl0bn1,-105.82463,35.24245
x5lbstyr,39.515324,-80.26324
j5mo1hyk,13.822059,49.942745
de5or4mc,-128.88573,-29.330496000000004
febjiiwn,133.76987,-36.20176
t9cqzxtx,-3.5360258,-23.989748000000002
cja6rc64,-36.483672999999996,53.823190000000004
57ghjur1,125.91512,-183.5999
sbnnh2mm,-195.5992,7.628372
stuo7y2w,111.27288,77.8543
ciuhyhb8,159.57721,-11.31363
49u2onq0,-196.31392,-63.309093000000004
36dhfptw,76.72731999999999,-85.119316
56sag9d0,203.81212,-29.376694
x2ykm7gq,134.1996,-109.79151999999999
5c5y6m35,-27.00327,-21.668709
q41o6nxs,166.9566,-2.981672
2ma564ej,124.52113,-82.43456
c7xvf6dm,115.71145,-38.180103
1whqwaan,14.5987835,10.938275
f76ktynl,-159.15721000000002,55.84470400000001
j4iwq2ld,19.54477,26.290786999999998
qjmyc2tu,-95.6318,72.94386999999999
d2mb2b3d,-167.6969,41.845253
7izahzqy,-84.87029,-168.74223
3p81yr4n,123.39647,-186.84941
l3z27806,102.998085,-132.72171
1gd006zy,-22.302698,127.61813000000001
2xvd5ogf,-106.14108999999999,110.55018600000001
g8oirxwz,-82.278725,48.945941999999995
v3sfww3e,-177.99107,-10.485253
kj71b736,139.05156000000002,43.55172
ydzxp0oe,167.07684,-92.93151999999999
gkek599u,128.3205,28.01645
soi3bn6y,111.407196,68.29952
biqjlddj,-108.99576,35.713295
uj96zdld,-165.9541,-50.980694
z5klydpi,-196.86319,1.1825742
e18licyc,9.312117,138.89053
6vloa2w3,-83.25476,68.16445
7zw2kue9,1.5752263000000002,-17.82863
yp7zhgj9,-191.54483000000002,-50.050808
8xv064k3,-186.38759,7.449949
6nas74q1,-8.094656,-13.539825
kqcx7lrq,19.570847,125.14338000000001
a0pzw26l,24.472939,100.67955
qfb7074e,6.3354955,72.14206
g3a9onb5,126.78126,73.32562
jzwcy7dr,-115.65069,93.40087
ybd8hi8y,93.31281,-75.06705
lmoovnhk,88.94412,82.19556999999999
ap4ro5me,-107.96683,52.451730000000005
z9nh6yjj,-37.926315,13.134431
50pu07f5,83.85421,18.14989
0zsn4lu3,-97.830055,-9.981525999999999
zlzag6a8,126.32481999999999,-79.80618
sc0ersky,-120.48892,-28.624989000000003
o3oec843,20.2304,-27.896158000000003
lj1nd922,-86.81463000000001,-196.33792
qburpi9u,-39.02369,14.718608999999999
3bw7jbzq,122.64313500000002,-23.91425
gnnd0zmo,-173.58638,31.11947
9zxftrgc,-84.08023,-184.59826999999999
m4sp9sjn,18.958784,17.356499
pccw41s5,74.93500999999999,19.929779999999997
pcnp1965,103.80248,-186.06346000000002
ps5zac1t,-70.42985,-190.11531000000002
x2bkmtw1,118.211754,-158.51016
nf27fe01,125.01248000000001,-45.513756
u14tj0so,-101.392944,125.28948000000001
p1yr4zqq,38.317738,-37.805126
vyci1ho3,44.906357,-13.904399
0if5z3xp,-149.34558,-70.369675
2z14p4oh,13.311535999999998,-17.986807000000002
fdfm52s1,89.71761,167.70685
fa7s7xj5,86.661736,161.35657
y0m1utug,-92.85884,32.763268
goo993eg,-82.413,-204.97992
yne3nu46,180.54955,-50.175095
gbf3ivzc,-29.621532000000002,70.82268499999999
0zj98cx2,136.60178,23.318356
r2fkckdx,150.86023,49.5916
amtrihpb,-175.39311,33.63277
d93d3mds,111.63838,-88.1097
782iew86,83.61478000000001,53.658974
zuvy8htp,130.98772,-113.26928999999998
lli46azw,83.38152,-31.403315999999997
60j1dm90,-196.50189,-59.044219999999996
fk9ww8tm,86.59329,-31.603067
f5aog3ky,-158.85846999999998,-140.79967
4prvgmvt,175.0547,50.925186
zq387qo8,-194.44878,21.64949
9g8rwsm1,153.29654,-31.257296000000004
wwucmzyy,-83.79523,91.802635
rb8vf4q6,-99.67925,17.22723
241229pt,193.06322,-80.148636
19sejitq,83.731125,166.79628
d0hrsiu3,109.94785,13.296060999999998
0pe8691t,-165.66751000000002,-4.0635376
w0ju0dcr,-185.55993999999998,-75.56064
j6o3141a,158.9902,16.185368
09yxnwzy,47.61915,12.127761
k2keaggr,161.1321,26.401663
zdb0xjic,89.69025400000001,29.6369
1n0rg5vd,88.20423000000001,162.25035
wifs97yy,-104.626976,104.07781999999999
j46329o5,-92.72471999999999,115.75198
ck0xawdc,-147.269,-120.71083999999999
dxhhf0th,-15.357594500000001,59.406136
xflo7uyv,-52.259514,127.6484
bzex0385,-48.916893,108.37376
kwnteqg1,84.63544,161.76058999999998
omq0becw,-28.94997,123.04331
ftxq9g7h,-79.61296999999999,-169.18483
vrnonccy,-112.87659,-10.68093
d5d3y7jf,133.96277,-102.12472
ikq38rm1,45.139526000000004,-39.95221
s0otfnjw,65.689026,90.6274
299oohbp,31.310507,-14.981582000000001
5y9kfyk9,21.822525,43.605509999999995
z8cbbit3,111.604546,75.67184
4arfk93i,-98.76898,-52.386303000000005
2zhaknbi,-12.908088000000001,-13.117189000000002
dm4ddxt7,-160.04778000000002,-142.5473
ahuzdwtk,112.09386,-92.54259
02tnwd4m,-16.872145,17.950285
qg2r691d,23.643656,-57.659397
d65r6q69,71.18948,81.67673
m6abyuvx,-190.8111,-22.351837
bg4au9u2,-93.17402,92.8126
hwlvk68z,179.87346000000002,29.759232
yxtdqjay,44.62818,-47.055927000000004
xrsyj1tc,-147.32198,-138.21309
yvd1n42f,7.4987699999999995,-34.29818
1jmhvclq,173.6916,2.8429279999999997
zl4abcn0,-40.60275,-7.4243026
crjwej14,23.935528,103.25287
iec4mvh7,9.345807,-17.614810000000002
l4fauo0l,97.59251400000001,-147.76927
4ueabl9p,59.094936,32.01163
5j496cx0,-32.806774,10.024549
zyyuennc,-5.2550225,-25.321642
ip32y0j5,-154.92102,-125.58182
nuwvge0t,68.57132,140.40656
v5surcw0,37.94728,97.01417
gefoauz5,61.29449,-52.99306
c1uom5f7,25.203442000000003,-48.174263
iq30z094,-3.9560614000000003,-57.088223
n3t7on3s,90.25975,79.97211
pm3dztyv,-179.18436,-61.670055000000005
271vldil,93.951195,67.17815999999999
5xklsfnx,-151.70348,27.872353000000004
10ynhrl3,-176.91368,52.261955
97dsp9d0,74.6716,60.751602
gynpp0rn,133.3265,-100.252914
kjmz9c0n,-84.27233000000001,-28.948466999999997
aaglh001,115.67931999999999,20.636826
k1hwh640,-39.791664000000004,-32.629498
k0p166fr,-50.039524,126.46335
cixdw87l,35.883293,137.2629
f29y8vh5,196.97159,-13.794085
5l48fvx2,-27.671321999999996,72.1758
1f65y7j6,76.58073,-91.61291999999999
g4puurhk,-52.434493999999994,120.66166000000001
mticfoic,180.42061,28.07051
oeop3pzo,113.44575,-4.096315
gowyfu55,-8.133697,27.26085
xa9a5p0q,-136.91815,22.343538
1qo1krxv,45.173347,138.34384
bufbjdmw,-195.61373999999998,53.120323
noscodew,-121.86052,-21.785027
ujquw0g8,-34.12277,31.192003000000003
0y3pvht4,-137.35284,2.1128732999999995
lfv0ypjv,93.13661,97.48203000000001
g3rfwhwr,-53.21756,-24.655323000000003
uj7lyawj,174.26224,-49.461729999999996
g370ygbu,194.4734,-81.99599
howix091,0.76201355,-10.570597
zokd0uxp,25.622742000000002,138.23946
afx7hacm,134.12827,-114.94176000000002
y1nr8y25,203.86812,-10.051669
6gow0x1v,-53.377069999999996,51.877759999999995
igo8c5kb,-117.607704,41.46974
ysyz3grd,210.02217000000002,-48.351273
5d64esp4,24.065395000000002,63.11421
ujgcsx3o,-82.4263,73.60595
pci4rhkn,-96.11849000000001,-9.392161999999999
llilwq1u,-51.019714,27.78353
y0muda95,61.320267,180.26985
gp7x03lb,85.194176,89.82266
s1b080p3,-111.93130500000001,90.04675999999999
0bwxcij3,-6.4615498,11.334492
ee3p4lvu,101.737785,-100.44129000000001
i34vmfpp,-160.52061,35.991833
3ttro2mq,126.81138600000001,-76.05369
5b29wtim,80.906364,51.71685
x7wva1ax,1.2415124,-20.6623
5hwqdnx1,-102.63126,-39.438763
59yvbupx,-161.54228,-2.7022002
zvkxormv,-133.18886,21.080631
sluqq1px,37.212894,-58.058806999999995
0e34chf3,201.58781000000002,24.802744
jd4ppm04,-88.79346,87.783585
lr302hur,36.639904,138.48723
05lnj3w0,-49.022083,24.002573
6krujv2m,-186.8218,-1.8884342
7qd03xfi,-75.80566999999999,-196.14282
ivz4r389,-96.203514,-37.427135
g0ke3xh1,104.98432,3.0984464
yxne28f0,116.49058000000001,16.184471
a1sbdhhn,-97.78018,107.84673000000001
x7f9927x,149.18056,-175.69444
k5xpirfz,73.88048,59.40586999999999
o2mim4it,-71.63741999999999,125.27688
4kl8ktt4,175.15677,-68.95534
0j3efvfe,-137.30305,11.199419
vnafx1ng,-95.803696,21.356082999999998
ftjnw3an,-46.469623999999996,-14.170289000000002
zzc7n84w,196.42326,30.759802
7wv4cb37,61.978832,162.36206
etzzlryf,32.14669,-47.83498
qww6pe61,199.4419,-16.548445
1xgjdhkx,94.6485,130.63443
ztc5holk,61.368007999999996,94.022835
ij7g0ynq,-139.10088000000002,7.0821320000000005
gbwz7225,-165.94293000000002,2.8252285
8epqe70m,206.56688,-22.05949
u3u2k8hj,73.18708000000001,24.460701
n4duwd0x,110.62082,-93.23857
qm7fjojv,-88.42148,-20.038788
t7rxmzvi,-174.57488999999998,-92.453896
4psg0z3n,156.61365,-26.382828000000003
m5qabh1k,182.10997,34.876453000000005
ee7lhyzr,-85.26086,-196.2839
e278thvo,127.964676,-70.76409
irysq6pf,118.55291000000001,21.792603
g5sum116,131.72433,-56.834225
3wt8z1gk,-42.56785,2.7808450000000002
ow5wt781,12.882434,-20.259874
awygbo1y,-154.47111999999998,-114.642746
a7oqm956,9.864328,130.20418
ayz80rvp,-168.13762,-119.17658999999999
67oorg1b,120.27145,-104.89621000000001
i55gwn3s,-59.140125,70.60636
35kfabe1,25.866524,40.93479
zspl6qv8,175.39436,-1.6048446
y24kbzy1,-22.828537,55.303658
lu2qnxqw,-81.48541,-25.150341
t3zampk7,-73.15285,103.25768000000001
bz4rr6bh,197.71341999999999,30.014848999999998
eiqypt0m,-22.414265,27.02165
qkwo747o,-56.593081999999995,-213.24669
1axxmq84,-180.21900000000002,18.4736
6k41sqxy,81.49509,27.366486
bbvxu8op,128.1001,14.465867999999999
wt2gctys,103.38812,-93.20858
91fhb66m,-13.962010000000001,91.38339
yjwm84ub,-36.437267,52.20316
awn9ayy6,-124.76717,8.511051
p6bktqvh,-1.8188800999999999,69.43385
x4hdxx1t,-200.28462,2.6401412
1awau7hm,50.353256,80.67
epkw6222,152.09508,-9.098702000000001
s50g754b,152.47466,-29.197319
pc4x5e24,-196.63711999999998,14.774273
nnhs8k0i,-170.93294,-56.43049
1rzcrkmt,39.710854,89.26974
73hw8922,-195.20616,3.7424443
6hwedoh7,66.84043,131.92754
4qfhltg4,40.596270000000004,-2.8322635
ussnj6ux,-66.27575999999999,8.788884
3bdey2mz,4.3443116999999996,72.866776
vnxnjgx1,-184.59708999999998,-66.72404499999999
6it6pukx,39.493927,-1.5795666000000002
7s25wc6p,-202.13523999999998,-56.161667
2gzi3fo9,-27.325308000000003,30.401353999999998
9voqa1oy,-154.09245,-6.5953417000000005
4eyn7pjq,-24.108727,-44.29094
kzyxzlrm,-151.46072,-112.36183
2lz03oqb,-145.78153999999998,-134.20541
wr8mngg2,-182.64197,-68.80197
jo883b0y,-187.6052,-39.878445
jigc7nr7,55.772778,67.89703
f2zc5rjj,34.877956,-33.090237
ie22xisg,106.58873999999999,56.427980000000005
dg10rf2f,14.896917000000002,-6.3608446
td2uk2wc,-28.077270000000002,-32.93307
sgmk96vr,88.67992,166.66841000000002
cn7qo7hb,-164.25104,-49.030895
a9o2dvke,-165.18386999999998,-74.47681
jpow6iw1,67.40675,141.48584
fhm8abxp,57.914336999999996,-51.468990000000005
jb05xemc,-75.4034,-179.45183
0tqwjdhd,102.62812,66.17061
q8n34269,-155.57422,-88.12294
3okytwd8,113.502945,73.56503000000001
505i9na8,-7.270680400000001,96.87189000000001
1fdmmdll,135.32307,-170.68081999999998
8vk89i4h,75.12501,54.66208
pjbr6yl2,156.27533,-168.2959
hvoohrjf,70.24055,159.15929
uazbc26u,-162.1556,-75.99289
8ikut006,100.85862,94.50784
b66bb2ri,-148.49107,-80.33991999999999
pwtouv76,66.87541,-98.02982
8ctsa9sd,155.63388,-61.483677
daheoyro,-89.87617,55.983936
up8ii8vw,205.5028,-82.64333
e7b1guwq,22.836468,42.761356
hd12p867,-119.99241,5.609824
t74b5j2j,160.03288,-5.2822447
l92nlegt,-145.78576999999999,-73.36779
ttyo4z6f,81.983376,-80.21574
rnvh9ut8,-136.04602,36.949978
s0l3uib0,9.096117,62.38204
y9isrt3v,-139.75,5.9147735
ckpg9f97,-85.25777,91.655334
1pbd4maf,-84.5594,73.11409
oi9j5o0n,134.8457,-159.63385
9zk7t1un,109.76087,-94.241104
y7urtkxo,77.85162,77.45879000000001
944gun8o,-74.268425,80.7155
fae3sczm,128.47545,25.337221
rzzsmuoc,78.86078,-42.654736
3amxb7qr,206.5557,-90.26799999999999
e2p2e8rl,-136.79237,23.846857
e32klwb1,110.804825,-166.67113999999998
5tkvsudh,-92.38717,90.40615
j6q2q0ko,209.20863,-39.99955
zgapjjjw,79.89253000000001,-80.738106
dw5b1o45,201.50735,-90.38275
0epeljaf,-58.988655,63.23284
9vnthmfn,112.0367,-86.59309
leedutqo,-137.87771999999998,3.2111235000000002
x8yswoua,89.77172,-173.42119
kp06yxbf,97.81035,21.962278
zss38mct,120.03653,-50.023734999999995
zzkkm496,112.86925500000001,60.781234999999995
qol5poan,-103.35117,124.81401000000001
rsnblu4d,153.39525,-20.763223999999997
7cgqxt2m,36.036606,5.8319464000000005
pzbhq26m,46.75974,-36.8181
85o1qwma,64.70701,164.98938
zlmhwz7k,33.660686,27.94535
8m7spnxj,108.98473999999999,-49.00678
lnuw4gye,122.6262,-166.1083
a9wmor1i,-1.3314469,-65.5093
0p8lk12m,29.056776,-50.607437
feh9iswj,-171.61098,-50.544464000000005
cyrijv7b,111.30311599999999,62.364444999999996
rybpiuru,93.72244,-153.18991
b0oiig7g,47.14602,108.50173999999998
rlebw9ez,131.99733999999998,-172.23064
xmbzmeo4,80.05717,-39.04824
5blxgsfi,199.4192,-71.69191
lzquegwc,98.00043000000001,62.862568
dgd0b4st,168.87123,6.357703
wek9wp6u,138.82056,-99.17483
as03o4rl,71.11006,24.935173000000002
l1khrk52,134.52603,-120.46718600000001
x6m02voy,-190.7516,-0.29367137
fcrdrc9y,-40.323025,-29.928793
h0sqs7dc,27.78603,42.17638
mzn448zk,145.66069,-96.54778
ujf6v8x0,-93.43556,-23.236261
uj5gcvmd,-199.49903999999998,0.7982716
c04la608,-180.86667,58.878967
r938lfrr,-22.920588000000002,22.493975
bom9fk1y,-127.98071000000002,-28.212471
wup6tig0,102.17973,-12.965777000000001
ndpmze2f,151.69092,-10.870374
ymp1pj3r,-141.24847,-38.112266999999996
184kiuah,46.312927,97.93648
g4aw4ves,-99.917854,93.00291999999999
8tif7p7p,-98.28596,52.26726
pe0dqif1,-191.62267,-29.647158
4y8ghcpq,-115.06658,-15.507791500000002
7m71pqu9,48.356026,-63.817593
h7zxyzca,50.720573,176.90938
uvs3waq5,-118.47598,93.95678000000001
517gka4h,154.60168000000002,-84.611725
ucmpbk76,27.8854,13.3866005
47496o0e,52.630623,64.91128
5qa2z9jj,195.42448000000002,-48.327446
dp6vzgef,17.806967,27.926786
kt9pmfdr,-32.6633,6.3178205
a1t74jsm,-119.892105,74.36538
pdnunlc9,-105.331985,71.93044
sxohecoi,-77.79401999999999,36.02881
rpkoz2p9,165.90743999999998,-50.895374
ff3j7i7i,74.61511999999999,26.298772999999997
lzhobnch,199.83803999999998,-52.849140000000006
sd3lqg4h,85.990234,-28.927303000000002
7vhcf929,43.72887,-12.647482
84hxim2n,24.531399,-32.619377
zar4py7o,-43.2638,-9.050674
finpjfuz,-194.69368,19.943716000000002
oluq7v0h,31.341690000000003,156.32172
gbyqrxg2,-111.41855,-38.398487
r7me6seg,-20.783236,-44.070816
nj23h32n,-17.874733,-38.522114
wx65qedj,112.736275,-2.1685984
36f6amze,-118.76133999999999,25.343344000000002
wubaahn2,-83.19023,106.39008999999999
abml6wgd,67.768684,86.80674
9tivuyh5,55.197635999999996,59.37995
p9mbmfaq,32.356102,-56.23863000000001
0jyzk5kt,-73.586876,121.95345
h3owwjao,69.93739000000001,-84.433655
ttu6xum8,204.99478,-51.498065999999994
18aq44dx,-131.90846000000002,-143.34653
fwkr2mka,134.42928999999998,54.104
erjm73e1,43.741653,45.105290000000004
kk4lyoss,-130.95076,72.91323
4voov33i,-157.60313,-89.19204
qyiw18ft,139.632,-165.46046
z6ufx206,-106.37952,54.704969999999996
bnl5qxlm,202.31136999999998,-12.986039
lrtt9r1h,-87.80343,105.00827
o7ttiu97,-129.21652,-31.233735999999997
x7dqe8qa,149.46103,-81.139336
cj4zlr3c,12.898843,9.05591
hc9ssruz,-166.87906999999998,-55.791325
4h5u4b4m,31.273214000000003,-67.52981
hxjxczyr,48.097072999999995,42.68762
llb4f74a,-80.60651,-179.42061
xldjt2eu,36.96782,-38.723312
7s6283y5,-153.70825,-9.830419000000001
kz3b01wq,-9.12927,-19.118145000000002
q8gshba8,131.9984,-52.835846
eu4vlfui,-158.75922,14.797023000000001
91uj6sph,-16.129532,92.52105
t0y0b0gb,11.891083,7.752697500000001
jfawhnsq,-9.766664,97.74245
eo2bxxbq,116.42965,-39.721070000000005
s5zr6tvk,-210.06807999999998,-1.5912229
zm6a9brd,207.03853,-39.78788
u7ior83b,-98.9172,-22.232470000000003
geixma05,121.45629,-142.31126
33mqfj2t,-16.138754000000002,20.870329
se4unhi8,62.93023,-86.81390999999999
v6uc0ijw,-148.13551,-62.809505
i9arl3oi,-177.12215,-32.49994
928pkpv2,-152.80168,-120.63468999999999
t1ma6njp,155.42986000000002,-85.78636
2ax1e7zw,-177.81512,-24.025074
qitzkfqj,-67.010765,87.081314
8comwpr5,-9.246181,-53.628043999999996
a0kh4kap,75.13207,-87.90396
nzh87aux,207.74376,-55.327681999999996
5rm1za8z,70.77543,-83.48425999999999
66kuahlb,48.215694,184.91312
slxdonqi,64.46845,60.10084499999999
9m3s1yd1,-6.719404700000001,-59.566880000000005
fvx0xof9,-56.665386,97.23695
5b936n3g,161.38652,25.165689999999998
h74ux547,-159.45366,-52.645633999999994
ebl8yc92,33.694523,-32.049934
zwfxnd7r,153.06805,48.489014000000005
4twfhdtc,84.24266999999999,137.60343999999998
e50a0suk,172.2642,32.968975
jirkkkvy,-179.81891000000002,6.6783175
u0w518yg,-62.869930000000004,-198.62122
lfvso15k,-96.96088,-35.463074
ud3x78u3,-42.253914,107.51299999999999
rqohygq6,150.13585,-78.93003
98pr8yed,-89.49667,78.24908
l3ej1hdk,128.01556000000002,-74.0675
xaohrtq7,-84.11444,81.501015
zjufx4fo,-92.465866,34.06136
cq27eq5h,205.2464,-47.748936
uvf5qzfd,-160.64621,50.72681
ug7v899j,72.04784000000001,4.1813684
wj7yonjw,-177.84555,34.44316
xt6vwcu6,-164.80173,-68.88707
33y74q1k,-92.71800999999999,118.91183500000001
mlkaowqr,-17.514809,24.910713
01tncjq0,204.9642,-88.3776
s7h6884o,-101.35996,-57.043440000000004
m2k8lf7v,108.10883999999999,-81.06872
ic937w26,27.29203,-54.84285
ndz3oarf,-83.08858000000001,41.494071999999996
kc1xl0sg,134.20602,-45.662365
6wu024ng,37.985188,93.07508
rxn5lges,-138.60432,20.745125
kkh4gvp0,91.881485,-156.58363
4458ra21,-65.29231999999999,114.5662
kswby0it,-81.02848,75.55598
69tz7sph,-36.395984999999996,57.47379
leiuve0f,63.390983999999996,-100.22522
yy5gq0ki,-86.92733,77.3398
m56agj4z,-92.071304,-174.92955
1h6jz1h5,-62.958059999999996,95.82648
tkfozwpf,-171.07477,43.918156
vpm9drvz,-32.96515,-27.003953999999997
vueo83vk,-57.06547,103.5884
jy705l0d,77.80086,-79.715355
64p3wpav,-88.44109,-173.05617
lvysec6n,107.29241999999999,87.37635
j35b7917,-25.801538,71.50488
69gftii4,-154.91545,-74.07919
ly4f42mg,1.492531,118.52571999999999
acneu8n7,-20.32015,2.1395144
yjaiybwf,-99.01524,-50.75074
zyzgk2z3,65.592834,24.390032
pgqsezq2,-89.107376,56.851963
yt9cldeb,118.71525,-103.1354
h6uwhjzl,-99.14128000000001,-54.22041
xjfdin77,-1.6784550999999999,-62.088535
z5rdf0mi,85.35979,54.32080500000001
ajafw966,-3.4600741999999998,30.768713
vlns6j0j,201.39708000000002,27.294495
89j0om5b,-1.9893565,-23.702547
z1tt014r,-163.64369,-75.568794
s4qki9l5,-42.569912,-11.570352
mwfr5tzf,120.084305,-166.30899
mx0lk0d8,154.86063000000001,-32.3944
wwjbzj1g,105.817375,93.22748
5l0fthw3,212.20387000000002,-82.54337
mbzh5nkf,92.70111999999999,-152.25824
isw6jeir,-165.76791,-142.28699
2v9vcdxf,180.90822,32.092259999999996
3euy4u9k,159.65642,-62.213359999999994
yx6p2yhk,-172.52142,-33.763412
9ytbn9a3,206.08607,-52.224922
zwbc7nnn,137.56947,14.70858
xteeybsj,124.92177,63.402573
ueglfhux,127.91051000000002,-103.75075
r8m6cgv8,-25.037657,73.31498
6c3zb3g4,207.55289,-91.48037
b1h8hweh,49.527393,10.997551
bhlxglyd,89.80414,-75.91003
ec5qzurk,170.01738,5.824212999999999
h8upyzb1,-151.58022,-143.8124
wi055syt,51.85283,79.62536999999999
uqw74ra0,11.609616,137.47812
qhhdjgeq,-160.03851,38.695805
2ad1tu4s,92.23907,115.09100000000001
seass3p0,109.80445,-20.055656
nzk8m912,154.73811,-20.359223999999998
3dgjv0x1,120.98012,18.189285
v5y9s97b,81.50607,143.30559
t21l6i3f,-156.75195,-20.926495000000003
xf4yy6i1,-106.95137,86.46197
104sqoxz,38.927486,68.91598
njaw5mra,172.7848,4.8657379999999995
rxtd3ipr,28.866272,62.68195
v39rtc3p,-174.0389,-33.938957
bu43gmpc,81.517136,142.12253
gvzs9vxr,-120.87395,-18.234653
7tb5e05h,-168.69122,-12.564703999999999
dg90gulb,-139.82756,-41.334854
icbf8o81,35.702315999999996,150.05186
x8sw5wdp,-147.89891,-48.205254
mgb5dwt2,-4.6701846,-14.152868
9lbj9hzx,177.39973,-12.108538000000001
sx8821wf,108.50228999999999,21.812374
9717nzr7,-188.55524,-24.41836
zwp2ujli,-13.952912,49.788876
ecey1cyz,-146.48244,-127.01619
w52dc97h,125.89456000000001,50.971874
3t97ubzc,-88.165215,-21.747156
i5fcedbo,104.088554,-184.9341
g9f6bdlp,132.30544,-170.53316999999998
fq1su77a,76.98845,169.78786000000002
9sgrw1qp,96.56783,150.4069
754nln40,-120.26104,57.79775600000001
sk9lud0o,78.37951,-44.403175
qcbw8zkc,-139.90118,-56.97493000000001
ol8di8h7,49.006813,29.741659999999996
76aeat80,-117.76945,97.030174
isyjyqjj,135.63756999999998,43.695232
tonaaft2,-40.081608,3.5321282999999997
v01vwu00,-43.8446,107.33288999999999
duwfxeyt,108.10515,70.90872
xsbbfqex,95.56139,-151.16058
66yurgph,86.277565,136.9179
8au7ee79,44.573055,154.74216
ir0rbr0i,-171.79861,15.97385
f9cgt2z3,-85.08025,121.33192
q3r327z7,173.03346000000002,48.119957
8rxaih7e,58.58249300000001,-54.32999399999999
9r20hxks,-118.26085,22.571711999999998
jiw3cji1,-78.78868,71.23404000000001
735b7rpv,21.330381,105.252625
8lvzab4i,-100.75999499999999,42.33939
33f94doo,90.99696999999999,-165.08708000000001
f5e6mj7d,-166.39534,28.584536
ce3sd1ju,-108.37456499999999,115.02151
8xvbnuv0,-104.893654,33.668053
n6c6ktqr,-157.17581,-145.22757
n7quwr4s,-193.71108999999998,-3.9895153
z8oh082s,68.43775,129.69253999999998
5u6mhr82,-144.61815,-75.71029
ragy7afs,-168.91467,-83.42244000000001
m1xf62bf,170.95131999999998,-65.43777
9kroonl1,-63.905666000000004,-21.433275
3bakci02,109.83072,71.0681
t8ula7e4,24.256134,-61.040077000000004
1r1ueuk2,-68.49638,45.709564
bco0nloe,168.85853999999998,-90.319855
zbogocki,22.34072,-34.338837
rfwzj1at,114.014656,-84.91382
sf3vhpeq,17.76748,16.160764999999998
dxbrk9kd,-168.9603,-81.2046
58czem0j,129.93935,-19.850128
1n69h3i3,179.31146,5.1790785999999995
tkjkjd7w,-19.899729999999998,52.830234999999995
06e9lkwl,-187.72371,9.001502
rl7sdzd7,-83.539215,117.92483999999999
8olbj1l8,-170.32535,26.005667000000003
d441jam3,-172.56133,-49.221634
d37u3qbd,112.90365600000001,79.88986
0go1vl9q,-26.056631,128.9678
7whai7nr,98.70724,-185.11256
psguw47w,-45.2633,-0.30788162
hohrbxyj,-102.279724,91.42916
cpu38ryy,-178.09435,61.743427000000004
ff2zadol,36.635017,147.92989
ft5wl70x,-1.9330235,-11.5824375
r7y1cqou,-108.027725,29.197198999999998
zz1zarbk,-8.497385000000001,34.580643
otqv6hzf,-24.893679000000002,126.85569
eq8yjxy3,27.136862,31.941854
7uy98rfk,-15.902118,25.161171
dfaxj3bv,26.2994,11.818966
ze511t38,-27.312933,-17.41084
hgpn8oba,198.93378,-47.229
iejfgkst,-52.883736,91.384384
7gk8uzo0,92.64431,34.959084000000004
rb5vwolt,-14.132217,-33.932037
0nyy7vjo,114.365746,77.74016
jkg7qkj6,151.76851000000002,52.10416
izea05z4,-58.314293000000006,64.8102
2aku9prp,32.56825,153.26718
j1x7js5z,36.347823999999996,-81.23524499999999
qbct63p4,84.45616,-178.16316
lvs3gy3m,194.06736999999998,-48.38628
uk7eisr6,-25.524984,15.5014
piyo00yg,89.09614599999999,169.59496000000001
30oad29g,91.76779,120.80516999999999
dgtyacl9,40.357044,72.63144
gth58p4s,-141.86954,-51.34666
y5m6q5lj,90.307335,-78.93636
pebc17zw,13.140884,136.19061000000002
tihc3ldd,-144.11998,-51.955975
rrscfo33,26.507441999999998,62.231297
x80cs5bc,-87.63682,-175.04504
5w7cubqo,70.26893000000001,-79.2055
l9862er0,76.19348000000001,171.74211
irw9kyfn,170.08585,-45.490505
q9lfnu6s,47.849957,96.4852
46673uro,175.72397,-11.07885
1dx2ox4n,-98.15984,93.87891
5dk231qs,-43.156684999999996,-35.074734
ya9klbbm,90.34642,171.28098
63bos83o,56.566359999999996,52.853027000000004
l22gfc6r,-175.98854,-79.41471
t7004uw2,113.67692,15.634819
zq8kqf6h,56.39066999999999,107.78693
feohfmbo,-67.74839,10.11393
mzcvilbw,-175.2756,-18.68756
645zegcv,-42.886333,86.53641999999999
ej0e1c4d,-0.15691328,-44.13411
ckkcpt1b,176.58052,-56.940661999999996
x4owsq6f,107.70808400000001,-161.09218
ob2xoxlq,-159.80783,-115.03782
b4zcvd04,-120.40805,56.488514
qdfrjvu1,45.571922,-68.27243
nag4at49,-133.05818,-16.341263
xxnnq1w5,-83.19589,-196.18443
nebf6u0z,-131.18095,-28.110972999999998
e0tcmzl2,42.225327,152.93393999999998
1jogs44p,-149.75429,-72.693535
z5p3a64x,-55.100530000000006,-208.15988000000002
tibu8530,-35.563076,64.834076
85pu5mvm,-80.10526999999999,-180.85742
o2os9jj6,100.01632,67.06435400000001
2g9dc5z4,159.15811000000002,-84.798874
jx518gz3,97.620575,125.88255
gyzbzx53,138.4409,15.590612
2ykzxu1z,121.21763999999999,30.789751000000003
2yvyiiuy,16.977634,-56.637066000000004
7k59ogn0,187.06036,38.664944
0bkskibk,118.33993000000001,-156.60742
ubpbdqtg,-5.7586900000000005,-57.200905000000006
yvtsgqco,146.93051,-95.98883000000001
uylgyhs8,-78.78284000000001,-175.76073
od3o9s04,-95.60385,108.03187
dh9n3j23,80.13673399999999,50.67566
ertnvzwk,137.07397,21.921345000000002
8vfks3qs,100.87929,-184.40837
y1ca2vt0,96.529495,-149.90556
xvc2154y,-152.30592,-140.51894
aghh3orn,-210.05742,34.511158
048eszf8,178.77168,3.6962322999999997
ya2hidlu,38.863617,91.23004
2528jrn6,-156.2501,43.022125
6lvn10f4,35.905552,-40.647427
7658dmvk,64.0075,139.5075
1px4aq89,50.70145,-65.63958000000001
9lef54l5,-168.36856,0.5042151
4ic2in3i,25.803717000000002,-59.93224300000001
v8cgamy6,-114.37862,94.08264
g2pb02vx,-135.19762,71.77606
cbl00d50,21.97297,122.98398600000002
bkbk7h78,-154.79518000000002,-21.92148
j326imb8,-199.33652,-50.387170000000005
ku2dsy4f,-99.70067,-47.954956
65drhnk8,-41.974959999999996,-14.070789999999999
gy2b7of9,-79.52429000000001,-173.63545
ss1435el,-95.45976,32.82543
gt2pwc9b,58.71811700000001,-57.511480000000006
lz0ff16u,-3.9084024,64.87028000000001
cxzlmfst,-156.769,-129.77257
8b9qjk7k,139.06541,-40.55903
hx77tpbt,-41.055023,13.156904999999998
uu1oz2ei,-125.03586000000001,16.268732
b3ncc3kh,-117.70881999999999,91.80393000000001
ngn9x3lc,15.213057999999998,130.25423
tf9y0xlt,13.603157000000001,-7.0622644
zrz6jyma,51.295784000000005,67.29729499999999
pfdnmzx2,-156.7903,41.89555
lxdbwd5n,-110.745094,-37.271347
9r62ffew,66.11035,140.21306
u97oem9c,-57.430912,89.56089
f72hl6du,47.968773,-62.14801800000001
0vm2hhdr,123.30851000000001,18.67205
iqflllk3,-17.075113,-37.55652
imjiwslh,203.47738999999999,-28.168934000000004
pbahviaz,104.320656,68.77252
zqcu10rp,166.85657,26.652734999999996
8sb5xqxc,62.950511999999996,-98.234276
73ww76h9,-133.83176,34.828359999999996
6r25jl11,-22.415029999999998,-42.889877
qg1b5p1j,-59.19576,-218.98416
2ygb80sc,-95.13748000000001,105.30799999999999
2qpw41ze,30.210209000000003,41.63115
ww9k0cf0,173.82558999999998,-69.83296
uota1gu0,17.14702,134.11118000000002
s76c5ebd,-35.2804,-27.436768
mkwpuav6,134.7964,-37.961826
l2rvdjnl,-161.95738,-145.89838999999998
k53e8r3h,-24.763826,2.3834922
qevosik3,-123.4176,-11.655997
bpnfupzv,137.48451,-172.29144
wmphlnpt,-101.084785,72.26998
dvh0qrgp,125.14993999999999,-174.26318
u3f89kvg,89.475815,120.9771
do50gvdd,-47.844784000000004,106.98006399999998
8t0jvrts,56.98881,39.626705
rb45gk2w,3.0558558,119.77148400000002
pjv3wy80,143.21738,-99.85305
lli45kok,-185.13506,-38.637924
qkedjzqs,101.47977,92.57426
unotv53r,125.13882,-139.16278
3gwm1c2f,-166.64328,-117.27676000000001
g7mjit8i,-49.02308,90.38817
tloaa3v1,104.09347,53.66616
cai6tqxq,85.86065,15.965648000000002
dcid9emx,-98.80965,53.966755000000006
b7wp0gqn,20.917982000000002,-21.88975
6f8vyziv,178.08321999999998,-60.96586
rpnuauwz,-106.61214,-35.057552
dy0w17fy,57.10434300000001,48.840702
m71xkuo9,-119.852104,60.263923999999996
byp2eqhd,-60.183581999999994,73.02407
533xlisc,-83.55693000000001,120.37665600000001
w7uhqsio,99.76700600000001,-167.21835
01b0vnnm,-124.15046000000001,17.055823999999998
nadhhe5k,-177.52907,-31.246445
qzkpik3z,-30.941678999999997,-24.100397
9vw76cic,34.455063,146.96667
bhtl73z9,-72.058205,102.06659
93my9qqe,-205.71841,-1.7079743000000003
sdjqth8d,-74.00001999999999,111.73325
l0uya9dh,51.83681,176.83167
gznn3slm,132.0815,24.110789999999998
uqr00nzd,73.81903,155.05896
m4jo053m,124.92408999999999,-142.28975
6l6c7jpq,-161.80542,38.333168
dognow0r,83.851105,169.51123
adfigzc1,57.9976,50.01574
mx4t6s6n,-173.70917,-94.15146
l36f1gp7,124.46266999999999,-181.64645
cxxk09t2,-186.52136000000002,-62.086757999999996
8p06bpt1,-59.129868,-211.39292999999998
lntn11a9,125.46042,-19.13682
39rbo0f9,-168.18143999999998,-47.003963
kkaxha7d,157.78363000000002,16.223122
dncy6tdc,-10.858657000000001,72.220955
be8rxglx,19.313973999999998,132.96846000000002
u87eaaj8,-106.13973,31.09788
fpdrtco8,-164.34653,-113.34449
mu5u5bvj,97.55836500000001,86.64652
n38e01bd,193.31691,20.436666
nge1itgk,166.83452,-53.1716
ur76wh1x,-90.96139000000001,-173.25755
cwetpnei,92.27521999999999,130.7974
32jrya90,158.95567,-60.528769999999994
pc7kxgv5,-193.02687,-58.688731999999995
3jnkki5z,-143.96378,-77.79528
vjxmrmfc,-12.536746,-36.609394
fjrq63me,-185.00078,-40.853573
8y8ho2x5,-152.33727,-128.76865
wgxt36jv,-44.384335,130.42978
qb9ewpzd,58.483425,-58.938263
1dus0u4m,-25.730341,25.991626999999998
m31mb2kr,-177.34877,-22.453712
qifqc89z,-124.35853,64.91624499999999
mooqhax8,-44.219852,22.194864000000003
mggsospc,-159.28067,12.051889
j9csyc3j,88.23973000000001,-76.72485
4z38v9rg,2.5774589,60.283165000000004
yc8rjjyf,28.265521999999997,87.416306
ppzxvykb,-127.15983600000001,-9.041373
qw1e5cof,201.58458000000002,-75.89864
4eh22ek7,37.29323,-0.65134805
xij0zoen,-175.13933,15.382852
0aiaklrn,-7.960189,-15.129229999999998
msmq91d2,-59.55405,-214.62892000000002
lzw1q285,34.366943,-73.70549
4lmwa1yf,-45.224987,10.654383000000001
sufwsu77,-14.669106,-35.74114
kbzh3trr,159.94478,-83.94328
7pbfxcmp,11.084939,121.56914499999999
gwlslpm5,61.575959999999995,-61.830154
pr9i9swk,-3.0214636,28.60278
4knbd4xy,-65.34961,60.713969999999996
bqount8a,125.05627,-24.572866
gg4qi4tj,88.36894000000001,83.83606
1qtqergw,-165.2896,-120.51031
vhew1wwj,-24.855217,30.824364000000003
e6a8qz45,-71.84254,-202.46931
99hjjqjn,11.450295,-8.488474
1rhlu59c,46.319424,41.35743
qocuprwb,-189.8306,-24.135025
zvxvoygo,-44.773098,6.4645233
rlbodumk,-150.76533999999998,-83.17823
eabho73n,59.20151,182.91548
yc8wn5sn,-127.72838,68.8912
2ssrs0mw,-179.62762,8.332203
wcyv6w47,85.98133,133.8322
w70or31z,-166.17174,-72.64104
plz1ja2e,81.69358000000001,-29.184305
v2vw3an1,-198.89902,-48.249958
navrmhqm,-146.30138,-20.743334
p4exyu56,-157.95891,-75.12873
ecgyz78q,69.6755,41.62829
r3in76wm,124.903305,42.232796
gaxe28o5,88.69369,-174.51283
z313zltg,-97.0099,-22.955717
ary5eafy,-21.461756,114.6568
vnwpzsu8,-156.34373,-127.62326000000002
54f3q2o5,-56.801376,102.50733000000001
js68cj0f,-164.17609,-77.738525
dtvzwin8,-126.591835,-2.6265218
forh7lw4,0.32040630000000003,50.703635999999996
ipwm9uob,-149.99507,-68.25928
1gad01re,146.22598,-160.16844
01yc7lzk,-98.35473,92.24911999999999
mlrzfbc0,77.45245,168.43018
yv9zv5u4,58.910683,179.73662
le1mc045,-22.540879999999998,2.6455655
afgvzxfx,-199.44244,-42.295433
wtsyzmo0,43.443424,-7.605608999999999
majlef5h,92.14316600000001,93.52892
1r65yam5,-58.332836,-26.287021999999997
hp5x637c,54.33569,60.842323
e0wmnfyn,90.5838,39.40755
bfu2v53h,-57.572426,121.039276
qic51knn,75.53316,167.72324
0wx6yoo8,137.51549,-163.19136
73nlxqgk,70.81268,142.81302
fec4kt20,206.18857,-49.886124
xq7wcxjy,-163.72444,-51.46293
a0e3kwbe,104.67967,-21.631649
z65xxk1f,121.13461000000001,-23.004448
fsbemdry,107.69466000000001,7.701656
dqqcajjd,90.71911999999999,-167.46695
4cniomio,-120.56563600000001,51.83222
crolji1q,-92.14641999999999,117.09586999999999
tcmgsmsi,-75.24069,-200.34642
m9q4av7g,52.92605,78.82044
vret3sh1,145.97131000000002,-10.929221
7d4blht3,63.185455000000005,-53.314648
1rhy8td0,-49.201786,56.02361
zurd5d64,-106.03509,-17.377941
vdzktqm1,38.859123,142.17553999999998
hqc7u9w3,65.59398,132.33768999999998
6sfleb1b,126.4634,41.503840000000004
xodngfj6,62.853138,95.02795
62et5yso,211.66951,-87.45237
ujbclp35,133.39359,54.575493
av8b8g8c,-75.358284,74.711685
q26f8pv4,-69.31434,99.28877
wtpo1xvw,148.08263,47.446354
3tt99oax,105.11934,-98.53253000000001
68y733y3,16.791815,135.5112
tkxpjlyn,145.03406,-160.6476
88wo4xen,-36.752777,58.558082999999996
3zh8jmc2,-151.52815,-139.07843
cxth3hyn,107.01771000000001,-17.59489
lq9tp20z,137.25906,-79.45453
72oh3vze,96.35164,153.59028999999998
drace2u9,106.75149499999999,-132.08215
0mncitnr,107.42708999999999,80.05759
0niak4oy,107.149826,19.889015
9gftenfz,94.847946,30.457281
o4k7auph,-177.60246,-42.99367
1y5nej0m,72.60889,55.6026
kvztcwu2,96.47093000000001,-181.8465
p34ezktf,199.6358,-85.34467
e52wuc0h,134.6534,-111.05613999999998
xlnxtvjf,-7.3921003,-20.798672
ga3mk6be,-86.29424,45.044715999999994
9ka3jdbf,31.04235,27.203064
agja3onp,-165.99315,-118.32393
0c5c2sze,124.697845,-75.256775
b8jlvkg7,53.46615,179.21097
ef5d81cg,-7.8553695999999995,29.319840000000003
q75spbgv,-2.6023765,33.930725
0jj9svwj,142.49002,-98.24328
gbdaad4l,73.75861,166.44347
qjunkqh5,130.75694,37.100746
feboqwa7,144.64908,-156.96758
k7myxo6p,-175.8777,-91.73788
zwgnkegf,-166.9854,0.3463077
wk2u2a9w,-170.054,-13.226798
uofygmeu,84.977135,-30.649571999999996
ujtb7xgz,122.37213999999999,-160.43596000000002
pdjsy9a0,53.67167,131.39793
chz8luni,90.97762,129.01277
ecxcw96m,15.507401999999999,97.80501600000001
2fd5op27,-66.654495,62.22841
r8fmq65g,90.67351500000001,94.34943
m9ni2883,100.52958000000001,98.736435
es5t9kvt,-55.75958000000001,-26.006256
7yo3qr0u,-120.4372,22.918552
6tnsjskg,201.39865,-87.27268000000001
azb7nie3,-158.0822,-76.9289
qs82fva6,-113.35126000000001,29.388030999999998
1023f83a,48.10669,106.85401
x8hp66yh,-133.71646,72.0428
znezo6tj,200.03804,-78.47440999999999
azvscejw,22.931952,-5.2713823
gr8qp4em,122.52815,-85.16965
tp4o7fxx,-105.69622,104.97638
md293k0m,102.81733,-17.00198
s4e08yvg,201.8518,-15.864473
amvlm09p,24.437479999999997,137.93716
dc7fn26s,160.16086,-9.81028
6ylqnp5n,-70.2339,123.36901999999999
sbxqwfmy,102.62804399999999,2.2393658
fo5apbjg,132.3739,-46.801228
uj4ymadl,23.567532,22.203718
oicbf5l1,-159.1176,24.211422
4qbdytun,63.325497,144.1103
x53t9i4k,5.973045,60.92190600000001
xjspi65a,-207.3407,-0.8127996
odnpx3ib,0.8614226999999999,-28.123356
5s10b9zy,-101.67509,34.71803
ckl40b6c,156.10764,-17.053001000000002
9uswwyxm,49.801064000000004,60.808655
7ip36gt1,19.348907,-4.003181
lpf9lpky,-81.24444,40.64609
llzhzflc,79.20997,48.163074
ly8fr7lc,-144.28171,-65.94309
8yrpcl94,-163.3316,-21.630365
ij9mifov,173.65977,-63.735896999999994
lrc0i6nz,207.94502,-51.800686
xxt4g8gq,-33.748059999999995,65.35929
7vmevd9g,-198.73494,-2.1468751
w2yt76nd,116.75027,-107.08436
kff3gig0,67.17118,136.32458
6lobyyj4,-201.79942,3.934944
clyc1va2,33.681664000000005,37.492283
0gt21051,-88.936195,19.085798
kdws9vn2,179.71446,-0.022591721000000002
9fr0m92p,123.84568,35.649273
pq7xa4rr,-107.96876999999999,112.92676000000002
x5601om8,105.931274,-100.15979
o13leezl,71.978516,57.177338
kbwmbxog,-106.67815,84.85143000000001
gnww6pt5,-147.01912,-17.492128
u4649rtx,-182.49983,-70.505775
0r4z1zea,37.18352,71.20241
085v7n6k,72.13031,156.28464
newf1dqx,45.03521,59.907185
dby5aksb,-1.3320264,96.79159
2qds187e,211.01613999999998,-85.95065
l565gha4,-10.7299795,-13.663091
c6elsnag,-55.678986,95.96432
b7kbyp3s,107.41498600000001,-82.66369
ew8orn0z,-82.21396999999999,-174.15698
kamvao4b,55.34705,180.03767
4tvrhpss,-163.01845,57.178596
qk1pr335,-134.90887,-17.661652
f1frcjp3,-168.08052,-15.465357000000001
qk37euo4,-122.37408,-13.118175500000001
8s7g2wvd,-19.746095999999998,26.0547
ihnndmee,155.6174,-28.485209
pdvaf3xa,94.29753000000001,-95.95765
sn1a7ikq,-130.61397,70.6773
xkqxawj2,25.911554000000002,-23.591504999999998
os1wytul,-124.283295,-28.372833
gebg8z4f,-83.70293000000001,64.09799
nofojf8m,-95.12246,-23.237556
dzzlpz4o,0.4370597,99.882065
zpk3gjwo,-86.07481,90.44286
er0a2jm0,-58.77324,120.70653999999999
szarwh0r,-161.29738,-62.7879
sasijnks,177.66326999999998,1.9401834
e0sywsoi,203.07153,-11.214192
cn21fgug,44.556103,-11.281225
2ffnuc8f,-118.93473999999999,42.686009999999996
l1r416w7,-41.521202,-30.040917999999998
g6nvhdmv,-107.80755,-9.21142
rb098rnu,71.51026,45.77779
d0bk9gu5,-24.27881,80.02058000000001
pxzbirqd,-13.155025,70.61498
8qnrcgnk,-136.30719,32.872093
cobv635z,-135.06232,57.54790500000001
u3yvpcnr,-129.11518999999998,82.43889
gxqufddb,-11.397687,-19.766361
a18rch1f,5.926142700000001,58.00938000000001
vub3ij8f,-2.362995,13.704021
f6igj0pd,-82.22346999999999,-180.18062
qqy1xgta,123.804276,67.91237
2yq3pz3j,-150.60841000000002,-123.06105
absjerdt,176.5097,-63.710390000000004
d7iwkatn,176.66998,-7.2450943
q0onzv1z,-104.784966,-33.25612
piusm60c,-83.24824,-188.73605
ftp67lkq,86.15444000000001,-179.21393
f0vud3gu,126.25819399999999,88.879395
ofpcgxce,-43.995937,12.662175
gcjgfasj,-36.490840000000006,30.560670000000002
fk0t13xj,-146.74742,-81.42305999999999
5704lsf4,124.00023,-183.60393
k6f3luil,-148.29553,-123.25848
xs7df6a7,-26.945099,122.048775
09locmnw,-82.536415,89.97182
v22k72tw,-90.180305,20.073692
njlqgih3,122.81806,-44.64243
3gz4dyie,135.24513000000002,-53.361416000000006
vw8xjo9t,105.7053,-162.61473
bujydnde,-179.32172,-66.139595
40faym53,23.472692000000002,83.922035
xgwbl8em,42.11299,25.010289999999998
53tl0sea,-124.45555,53.99521
t35n7bk9,-70.77602399999999,8.652177
t40ybhgb,-12.682696,90.92366
ek3baj4i,-24.470098,17.926563
7jb9qegr,117.725624,28.79833
xprr8pmr,-135.08691000000002,34.823890000000006
880nqc0f,106.24578000000001,9.320859
wtvfow2f,-159.07535,17.511395
06o7pa3d,-69.08174,9.976936
3u77cp37,65.98229,-96.31603
mfy5ln8w,-100.92376999999999,-33.405087
cijyfa4j,27.06075,-61.287684999999996
cav9n18w,36.172717999999996,4.3193364
eflxldnr,8.236578,49.36507
8zchiykl,155.17283999999998,-172.387
2g471tb4,-117.05128,21.584509
ovm9muqb,-23.575186,117.640625
kci1lkhj,-179.94426,-38.529533
q96i25vh,12.100402,50.807625
th0wddvc,80.06283,26.412207000000002
e62cfqt7,102.06152,-89.295456
kt6wqvam,-74.445114,15.475933
mig5zt5p,134.85398999999998,-79.07701999999999
wa4ght2h,102.721565,-15.139887
1pq6dkl5,23.588614,-2.2794533
tu7eufzd,54.009586,66.36433000000001
xsjdy3yz,168.53545,-70.68534
ty6lv18n,-27.996240000000004,74.39245600000001
z2u5frvq,150.02196,-169.8935
132oghxa,147.81961,-173.87685
fvoke2yc,2.8914006000000003,-18.653295999999997
fpsyem7x,-73.61782,-188.32278
zmhobi0r,5.095632599999999,63.223324
3zevsk0w,91.48298,37.855472999999996
biqiti2k,-189.88591,-2.9557657
am24dpy4,111.71047,-165.96724
8kaim4z1,123.85175,66.23744
73zcxlqm,86.99265,-166.17685
a8rkvaax,-147.53864,-125.671555
3b8b8p61,-154.20893999999998,-141.56787
yggoeu00,180.10866000000001,-64.61247
k2glr4pd,176.97601,-67.051994
o1x8c9o4,-124.68978999999999,-9.851371
sctfgzdo,-170.30434,27.949678000000002
nk2thkme,-52.6355,130.09398000000002
xj7mpyue,135.79816,-160.6709
tsvzg0ax,-61.702477,90.58509000000001
jd028cyg,-161.45985,-51.96365
bz66g9a0,80.56296999999999,23.725702
aj8nxi3x,207.54128,-81.74061999999999
zlygzsm1,-82.80091,46.890034
8d4f4gmw,54.447025,132.3247
2ivd3u5o,45.225304,-43.911602
9egy68c0,-89.81136,85.33439
00rk8fb5,148.42299,-77.642586
ojh7dw9v,9.412858,-9.608978
yujp9zpx,130.0289,-47.425613
ps3mnpzq,79.64686,-40.429848
mgj9zfft,98.86916,70.51986
bjjft7ut,-68.28735999999999,132.6977
hxw6z7g8,-106.83858500000001,71.57856
vefs1h6o,67.19906,143.85052
p9o2cwgl,-74.2389,-192.88289
9e9523i8,29.122213000000002,31.369682
j3w0f8oq,156.4934,-11.354905
gaemgm0t,84.79813399999999,132.11914
wk9oxl4n,26.609428,-49.681515000000005
yjcd5nb5,-100.54594,-45.839659999999995
na6rh396,89.23023,132.77774
a064ixnn,164.54172,-4.1954746
l7rn00vq,124.885124,-184.74614
ppkjimsr,-23.277287,68.563644
82plcxv9,198.98893999999999,-48.693394
fl8fm8pp,43.005318,43.446003000000005
7dr1oqf5,-75.41334499999999,37.018665000000006
y4p3n887,146.67484,-70.86439
6u80p5sj,-33.547413,-24.572363
dqp4lzqs,-29.544764,-58.607185
2sdg5ll7,5.5282345,-18.394932
hnk7ok3f,108.88596000000001,-18.67142
2u49b7xo,-121.20665,54.384640000000005
huz0tpmi,-90.26581,-21.884929999999997
w9iwmqgq,21.062732999999998,-20.534595
78395e3t,-137.82488999999998,71.14929000000001
alyn1i00,-181.25772,-71.84478
mi5gcfcw,-123.9189,89.98871
kkhb2go8,-190.75293,-27.35094
e1sfuv1n,90.41624,-169.88939
8oubjvvd,-186.70883,4.471264
22veehj5,174.4577,-11.206961999999999
tw6wusxe,87.78327,137.54106000000002
yts4xppb,-34.8231,-23.269852
x4vy5bm8,35.809329999999996,-2.6397026
9vq05yf2,-7.854822599999999,33.366962
ge5iri3v,140.10445,-164.21063
tqln30vi,-191.19838000000001,-3.552574
qfl3i7c6,114.60171000000001,-11.7234745
auwm2qj0,-31.844154,74.37001
01wsevuu,28.320944,-52.069542
qva0jt86,122.63856499999999,13.492925
fmgnavfq,50.846897,10.288625
25qfbbdb,138.92618000000002,19.712502999999998
giw4z3ei,143.00906,44.147263
uo185173,-29.305475,-59.77545
lusrcpns,32.771359999999994,68.12849
vcgokgsg,92.66566999999999,36.339115
qtoygz6w,-181.44429,33.036583
fw6q4qpq,-177.66438,-80.12895999999999
hf3nytb2,-67.76739,126.82123600000001
ysrs0w40,-135.15208,21.91025
nn9gj0z1,-83.48997,-187.24535
dp8971im,-58.173927,-208.11766
10j9cp9c,46.918163,186.17245
n297c39q,133.6282,-78.88988499999999
8g9jd240,57.830783999999994,107.357895
qz68gtd4,147.53354,51.850838
rrezynbs,-18.024406,60.311623
2ju8t2cz,-145.80886999999998,-48.9602
6rt3ty64,-96.12768,96.47898
icp5iuwb,-141.26027,-73.84015
8c8skz2r,38.655476,65.20732
bifebnwt,24.779049,83.44533
vy1nxax2,-184.3047,-44.436188
l2dc9x12,62.26002,-94.683846
6ypvcpfn,-23.069157,25.756672000000002
9ofqelrm,117.341606,43.50963
62a1d6vw,-123.16444399999999,7.1849732
ocp6yodg,-98.07218,-0.9276015999999999
pkjpmj8i,143.57698,45.713955
05ppugs7,-154.70094,-5.620399
bm7i52gm,67.51351,25.053398
134qz0aw,-108.07625,56.4062
imxe4jeo,32.168243,99.85258499999999
tvhybr82,93.548615,30.728516
izef7p9g,95.14323399999999,-168.29796000000002
c5hrdrtu,71.4073,10.777427000000001
spiud6ok,25.606504,80.92690999999999
bkreu1s2,1.4814886999999999,87.31118000000001
pw7coi3v,95.698,87.353516
tj1h127q,118.85635,-164.75902
y14atmnh,-95.87264,-52.771297
m57b8g9n,-175.58286999999999,-44.11768
fite9vs8,170.42967,27.189753000000003
ejv2xln0,-22.199951000000002,115.53836000000001
lwzyoscw,37.286278,65.03256
gzq9xpe0,205.81824,-38.638393
ezdm4cfc,-88.85769,117.71483
9khx93c0,73.53754,144.28351999999998
vvspjage,-171.45518,17.582724
zxe95qy9,197.37344,-15.631129999999999
2x7dfl1q,139.26373,-95.92165
wbj0w365,-92.09581999999999,21.035
gnkzb7qr,28.361196999999997,-57.807469999999995
zl1s82yi,-19.708712,-45.92927
5apikyi7,30.40687,1.361125
mlhd9zbs,8.411453,118.92473999999999
vuevksex,48.334534000000005,24.17746
0wtq1c15,-200.7417,-42.656162
8lxzriei,-183.91136,-61.608723
dugsh7mp,71.13141,52.96989
ntx35a8s,90.43652,131.57556
5kqtxh6t,46.47566,188.23807
oa4lzkru,115.62831000000001,-166.97073
oc1syzur,-187.97783,-62.002117000000005
wpuwo96e,-0.17612109,94.60233000000001
9zm4per4,-79.115585,-170.42009
yuv8h375,-85.70145,-170.82045
k2a0q9y8,7.928824400000001,53.544968000000004
zhgol57d,165.46663999999998,-53.913498
bcwcjf01,-55.464893000000004,52.97923
ul8wjrmy,126.88863,-77.59132
iar66keo,-38.933647,63.182716000000006
41b8ar5w,62.27235,-85.380135
in6w5d2y,-164.32433999999998,-23.51746
7vsdqhi0,-160.38043000000002,-66.29938
n9sih438,126.17183,-23.124257999999998
553cjp9f,82.20573399999999,168.71326000000002
7vfo98ho,131.63885,11.757396
e1n8o9cj,-131.42671,-12.655901
91lzomwp,110.33493,-17.199299
h5o2ksfk,115.78362,-91.65892
z76vjkxg,66.83606,47.496315
tl9mbybz,-78.86367,34.60426
cge5uve3,134.58014,-121.92715
yp1s77ez,38.901270000000004,70.75017
u09rn09u,87.313416,-178.34874
4mhh29l0,116.65698,-48.460358
hug3mbs1,32.614384,39.914367999999996
644lf8vn,192.89531000000002,31.732496
mszzo4o4,-199.59412,-56.160236
dr2uow4m,-81.96728,-195.4722
hr3qj5ii,-103.82993,-35.274467
zgbci6gv,100.20817,97.138306
aclzp3iy,127.30506000000001,-18.74929
1bsoc3rq,33.7092,31.202097
9rdsdvyd,31.464686999999998,-0.3079662
dbikkq0u,-162.1957,-60.82050699999999
qlent1g9,-118.20276000000001,27.023870000000002
sswimukk,119.21133400000001,-159.77187
8s4bsnlw,0.37934548,32.074670000000005
4k8f7ou1,-75.49740600000001,-186.09229
l6mqum29,90.57143,113.3001
50wqhp04,123.86474,-177.16046
pk7pnmlo,-46.635033,73.969376
a67st6gy,42.40376,-33.311962
wp4rch6v,-184.1704,5.753652
t89df3fd,-26.307578999999997,2.4823997
5mka22hr,-172.1029,28.985826
j0k00230,123.11508,-167.63351
44bm52ch,-53.237359999999995,122.28878
rveuwc8t,-56.569023,-217.42507999999998
4yt2auvk,115.511665,-50.840767
79fp75u3,-64.644554,59.482574
h3y1mjru,-51.895557000000004,23.08761
o0x2vj3z,-17.198288,70.95501
zt6i3o86,-102.79947,-18.012203
ta1i0ata,-177.87888,4.601995
4i56gcy8,-69.02960999999999,-203.45341000000002
1e3pthel,122.24493400000001,-184.83955
1fgz2fyr,150.95378,-32.159874
c0smzrt6,91.72214,30.533358000000003
dc51rffo,78.44157,145.08571
dcjwfes7,117.02460500000001,-41.173429999999996
nw09ud0r,133.49657,23.817978
cxr1ul7q,99.13028,66.004974
ey5xmb8a,-63.06709,-23.378494
iuglkdcp,-100.07258,125.48561000000001
x11t9pbv,19.109737,20.58608
ka4261wc,101.150894,-167.6629
affnaoni,158.67231999999998,-2.2647452
d0eur1hq,41.03445,141.24886
8seknsaq,177.79932,49.811523
5uzp3l0r,-109.77721000000001,108.05666000000001
prbfg3do,-147.4657,-18.948868
uyx5st4k,170.50928000000002,-55.093178
hfg70ehq,73.36644,-0.7331597
unr44dvp,-147.25189,-61.61526
kuf3ssdb,-1.1859886999999998,70.92255
out6zg61,34.338676,67.10316999999999
p5sig1en,-171.16147,14.451797500000001
mxjtj5c0,128.4236,40.17962
umvrwgaw,151.90282,-78.16925
exqza1kg,72.49180600000001,162.93465
tefsc511,108.881744,62.65353
a3y1rfas,-61.87761999999999,-203.58998
jy7j8sh0,59.548588,49.897926
oi7bkm4z,-67.0087,46.050697
57es391o,83.35493000000001,83.25174
x7wg7e9s,-73.43444000000001,-201.44498000000002
3mt5rtah,7.197420599999999,140.45207
m5ho3ccj,-159.13891999999998,-19.441706
gi2kswai,-150.47939,-63.282256999999994
aki28lhp,62.7557,163.40985
gnz96tzj,131.94131000000002,-49.56024
8trsa6o6,-74.93453000000001,73.4301
qtn3ukf4,-85.93690500000001,71.92235
asghqx6q,-44.467316,-9.0776205
4szweuku,-7.9363823,-16.586887
idffrnac,-144.97421,-132.37894
vlv8x8l8,-109.05856000000001,-13.989994
8ut2p9p6,-110.0259,105.78818000000001
wo20st5w,-140.51628,-34.717396
e666nvl3,194.50083999999998,19.518342999999998
57xo6xx2,-53.936916000000004,22.915169
efk5pzov,-85.85977,68.36103
emfnhenm,170.11158999999998,-89.078316
n2e4s7bu,-112.11645,50.81492
rdnrbwkq,-58.829952,-222.06033
7wuhtsep,-175.19492,-11.564127000000001
yqtjxuv8,-64.66145999999999,86.73085
9gozwdng,22.760242,-63.182469999999995
ligqoj24,2.8193585999999997,55.950603
xroo7z7g,-134.84418,49.9556
s4y6uxsb,-175.02258,-35.024229999999996
xcrshplk,184.74255,34.3513
yvjrcgxu,-155.67051999999998,-134.94783
algzczs8,33.86799,-72.65241
divt1n4i,-164.24324,54.311707
m4t7jwqe,35.140606,27.650959999999998
4gjo72hx,-168.4311,43.73426
jkit3c8f,-82.92184,-30.334329999999998
2a51n8ym,-145.71743999999998,-50.15591
3yu2di1g,-195.67877,50.6316
f8h9hlks,45.857864,110.43863
qav5okgk,79.31456999999999,79.63478
pjdogrs4,44.10913,64.69905
2b73a28n,-119.58053600000001,2.0597606
akvhi38e,177.11627,26.185041000000002
k9skma4k,156.91241000000002,-21.369606
iaceti4b,103.71673,87.64686999999999
2brelywe,-121.64482,-20.074807999999997
2mfbqs8i,145.6544,-173.69201999999999
j36voasl,126.23735,-46.277294
2jxrnngg,-18.399314999999998,3.4782660000000005
5kapn32k,-74.52526999999999,78.37732
jcnusj7d,57.36676,36.730843
c2nuh2yc,37.56499,145.87528999999998
5opiip58,-129.91692,81.08543
rckp1kc7,12.805372,130.34027
je9t4i6q,-188.46562,-6.0905547
hvaie7ay,-57.510709999999996,-221.88338
o6znx8t8,14.348622,-16.013132000000002
1xacvavs,-87.37693,39.89271
ue9azoyf,177.06853999999998,24.462252
ewx5xhrb,205.05826000000002,-31.658401
qwhaesfk,-12.35133,100.7498
r6c7kmqj,-158.2409,-111.343925
6wyb431b,51.05556,-67.18113000000001
chd9ezba,154.06195,-169.8795
z5ebo9nv,-81.37232,-204.41797
lgvnz7ke,158.25485,27.260538
xkmkwsbv,-83.09567,34.344463
a9f6hh7t,-197.40263000000002,13.733177
sd0an0z3,182.21991,26.269402000000003
jm3uzg2i,-84.39575,98.981415
7jnogabw,-72.240105,44.119984
j4hvyyoi,31.872776,-16.171772
pyy1ega9,-60.107406999999995,-201.64928
vz0qvp01,86.83966,15.378379
va77ivw7,134.41031,44.495457
eermgk02,-134.50064,-140.1124
3hs4f022,-172.64603,42.79999
2btyqh0l,-4.918639700000001,12.556066
vrh9czdf,-25.19745,-24.86125
a04e06zy,-194.92498999999998,-61.398224
o2zfilcl,168.84311,-46.62897
cpz8yb16,58.13705,33.972218
rbf0k8oi,-84.8735,40.376053000000006
6ogoktah,-194.69773999999998,-55.718723
qdld7hdc,-15.766313,-49.118559999999995
p5ohjzhs,-130.63275,74.39516400000001
due9tloa,100.921814,-183.04118
h56v5ti8,-19.075134,-0.53860086
kfwbqp4p,159.5373,-13.282774
l600aeuo,-160.99045,54.28986
vg42z900,45.991486,155.56725
7p3b6tyf,126.09978000000001,-27.824972
o2z7n3v5,-131.5031,-15.188464999999999
di0fcy0j,-127.012596,-33.766903000000006
59i3jert,176.16472,19.547639999999998
